mid,title,release_date,summary,runtime,rating,num_votes
tt0111161,The Shawshank Redemption,1994-09-23,"Two imprisoned men bond over a number of years, finding solace and eventual redemption through acts of common decency.",142,9.3,2236485
tt0068646,The Godfather,1972-03-24,The aging patriarch of an organized crime dynasty transfers control of his clandestine empire to his reluctant son.,175,9.2,1542064
tt0071562,The Godfather: Part II,1974-12-18,"The early life and career of Vito Corleone in 1920s New York City is portrayed, while his son, Michael, expands and tightens his grip on the family crime syndicate.",202,9.0,1078609
tt0468569,The Dark Knight,2008-07-16,"When the menace known as the Joker wreaks havoc and chaos on the people of Gotham, Batman must accept one of the greatest psychological and physical tests of his ability to fight injustice.",152,9.0,2207191
tt0050083,12 Angry Men,1957-04-10,A jury holdout attempts to prevent a miscarriage of justice by forcing his colleagues to reconsider the evidence.,96,8.9,653950
tt0108052,Schindler's List,1993-12-15,"In German-occupied Poland during World War II, industrialist Oskar Schindler gradually becomes concerned for his Jewish workforce after witnessing their persecution by the Nazis.",195,8.9,1163160
tt0167260,The Lord of the Rings: The Return of the King,2003-12-17,Gandalf and Aragorn lead the World of Men against Sauron's army to draw his gaze from Frodo and Sam as they approach Mount Doom with the One Ring.,201,8.9,1581991
tt0110912,Pulp Fiction,1994-09-10,"The lives of two mob hitmen, a boxer, a gangster and his wife, and a pair of diner bandits intertwine in four tales of violence and redemption.",154,8.9,1752613
tt0060196,"Il buono, il brutto, il cattivo",1966-12-23,A bounty hunting scam joins two men in an uneasy alliance against a third in a race to find a fortune in gold buried in a remote cemetery.,161,8.8,660880
tt0120737,The Lord of the Rings: The Fellowship of the Ring,2001-12-19,A meek Hobbit from the Shire and eight companions set out on a journey to destroy the powerful One Ring and save Middle-earth from the Dark Lord Sauron.,178,8.8,1595184
tt0137523,Fight Club,1999-10-15,"An insomniac office worker and a devil-may-care soapmaker form an underground fight club that evolves into something much, much more.",139,8.8,1780279
tt0109830,Forrest Gump,1994-07-06,"The presidencies of Kennedy and Johnson, the events of Vietnam, Watergate and other historical events unfold through the perspective of an Alabama man with an IQ of 75, whose only desire is to be reunited with his childhood sweetheart.",142,8.8,1724447
tt1375666,Inception,2010-07-14,A thief who steals corporate secrets through the use of dream-sharing technology is given the inverse task of planting an idea into the mind of a C.E.O.,148,8.8,1960833
tt0080684,Star Wars: Episode V - The Empire Strikes Back,1980-05-21,"After the Rebels are brutally overpowered by the Empire on the ice planet Hoth, Luke Skywalker begins Jedi training with Yoda, while his friends are pursued by Darth Vader and a bounty hunter named Boba Fett all over the galaxy.",124,8.7,1116313
tt0167261,The Lord of the Rings: The Two Towers,2002-12-18,"While Frodo and Sam edge closer to Mordor with the help of the shifty Gollum, the divided fellowship makes a stand against Sauron's new ally, Saruman, and his hordes of Isengard.",179,8.7,1429111
tt0133093,The Matrix,1999-03-31,A computer hacker learns from mysterious rebels about the true nature of his reality and his role in the war against its controllers.,136,8.7,1605370
tt0099685,Goodfellas,1990-09-12,"The story of Henry Hill and his life in the mob, covering his relationship with his wife Karen Hill and his mob partners Jimmy Conway and Tommy DeVito in the Italian-American crime syndicate.",146,8.7,973005
tt0073486,One Flew Over the Cuckoo's Nest,1975-11-19,"A criminal pleads insanity and is admitted to a mental institution, where he rebels against the oppressive nurse and rallies up the scared patients.",133,8.7,878019
tt0047478,Shichinin no samurai,1954-04-26,A poor village under attack by bandits recruits seven unemployed samurai to help them defend themselves.,207,8.6,302105
tt0114369,Se7en,1995-09-22,"Two detectives, a rookie and a veteran, hunt a serial killer who uses the seven deadly sins as his motives.",127,8.6,1376713
tt0118799,La vita è bella,1997-12-20,"When an open-minded Jewish librarian and his son become victims of the Holocaust, he uses a perfect mixture of will, humor, and imagination to protect his son from the dangers around their camp.",116,8.6,594553
tt0317248,Cidade de Deus,2002-08-30,"In the slums of Rio, two kids' paths diverge as one struggles to become a photographer and the other a kingpin.",130,8.6,677099
tt0102926,The Silence of the Lambs,1991-02-14,"A young F.B.I. cadet must receive the help of an incarcerated and manipulative cannibal killer to help catch another serial killer, a madman who skins his victims.",118,8.6,1211348
tt0038650,It's a Wonderful Life,1947-01-07,An angel is sent from Heaven to help a desperately frustrated businessman by showing him what life would have been like if he had never existed.,130,8.6,382093
tt0076759,Star Wars,1977-05-25,"Luke Skywalker joins forces with a Jedi Knight, a cocky pilot, a Wookiee and two droids to save the galaxy from the Empire's world-destroying battle station, while also attempting to rescue Princess Leia from the mysterious Darth Vader.",121,8.6,1188422
tt6751668,Gisaengchung,2019-05-30,Greed and class discrimination threaten the newly formed symbiotic relationship between the wealthy Park family and the destitute Kim clan.,132,8.6,399566
tt0120815,Saving Private Ryan,1998-07-24,"Following the Normandy Landings, a group of U.S. soldiers go behind enemy lines to retrieve a paratrooper whose brothers have been killed in action.",169,8.6,1183469
tt0245429,Sen to Chihiro no kamikakushi,2001-07-20,"During her family's move to the suburbs, a sullen 10-year-old girl wanders into a world ruled by gods, witches, and spirits, and where humans are changed into beasts.",125,8.6,608985
tt0120689,The Green Mile,1999-12-10,"The lives of guards on Death Row are affected by one of their charges: a black man accused of child murder and rape, yet who has a mysterious gift.",189,8.6,1090775
tt0816692,Interstellar,2014-11-05,A team of explorers travel through a wormhole in space in an attempt to ensure humanity's survival.,169,8.6,1411666
tt0110413,Léon,1994-09-14,"Mathilda, a 12-year-old girl, is reluctantly taken in by Léon, a professional assassin, after her family is murdered. An unusual relationship forms as she becomes his protégée and learns the assassin's trade.",110,8.5,990206
tt0114814,The Usual Suspects,1995-07-19,"A sole survivor tells of the twisty events leading up to a horrific gun battle on a boat, which began when five criminals met at a seemingly random police lineup.",106,8.5,954181
tt0056058,Seppuku,1962-09-16,"When a ronin requesting seppuku at a feudal lord's palace is told of the brutal suicide of another ronin who previously visited, he reveals how their pasts are intertwined - and in doing so challenges the clan's integrity.",133,8.7,33674
tt0110357,The Lion King,1994-06-23,"A Lion cub crown prince is tricked by a treacherous uncle into thinking he caused his father's death and flees into exile in despair, only to learn in adulthood his identity and his responsibilities.",88,8.5,902252
tt0120586,American History X,1998-11-20,A former neo-nazi skinhead tries to prevent his younger brother from going down the same wrong path that he did.,119,8.5,1000447
tt0253474,The Pianist,2002-09-25,A Polish Jewish musician struggles to survive the destruction of the Warsaw ghetto of World War II.,150,8.5,693771
tt0103064,Terminator 2: Judgment Day,1991-07-03,"A cyborg, identical to the one who failed to kill Sarah Connor, must now protect her teenage son, John Connor, from a more advanced and powerful cyborg.",137,8.5,961576
tt0088763,Back to the Future,1985-07-03,"Marty McFly, a 17-year-old high school student, is accidentally sent thirty years into the past in a time-traveling DeLorean invented by his close friend, the eccentric scientist Doc Brown.",116,8.5,999167
tt0027977,Modern Times,1936-02-11,The Tramp struggles to live in modern industrial society with the help of a young homeless woman.,87,8.5,206427
tt0054215,Psycho,1960-09-08,"A Phoenix secretary embezzles forty thousand dollars from her employer's client, goes on the run, and checks into a remote motel run by a young man under the domination of his mother.",109,8.5,573925
tt0172495,Gladiator,2000-05-04,A former Roman General sets out to exact vengeance against the corrupt emperor who murdered his family and sent him into slavery.,155,8.5,1286900
tt0021749,City Lights,1931-03-07,"With the aid of a wealthy erratic tippler, a dewy-eyed tramp who has fallen in love with a sightless flower girl accumulates money to be able to help her medically.",87,8.5,158801
tt0407887,The Departed,2006-10-04,An undercover cop and a mole in the police attempt to identify each other while infiltrating an Irish gang in South Boston.,151,8.5,1140703
tt1675434,Intouchables,2011-11-02,"After he becomes a quadriplegic from a paragliding accident, an aristocrat hires a young man from the projects to be his caregiver.",112,8.5,724676
tt2582802,Whiplash,2014-10-15,A promising young drummer enrolls at a cut-throat music conservatory where his dreams of greatness are mentored by an instructor who will stop at nothing to realize a student's potential.,106,8.5,674258
tt0482571,The Prestige,2006-10-19,"After a tragic accident, two stage magicians engage in a battle to create the ultimate illusion while sacrificing everything they have to outwit each other.",130,8.5,1133226
tt0064116,C'era una volta il West,1968-12-21,A mysterious stranger with a harmonica joins forces with a notorious desperado to protect a beautiful widow from a ruthless assassin working for the railroad.,165,8.5,289233
tt0095327,Hotaru no haka,1988-04-16,A young boy and his little sister struggle to survive in Japan during World War II.,89,8.5,218190
tt0034583,Casablanca,1943-01-23,A cynical American expatriate struggles to decide whether or not he should help his former lover and her fugitive husband escape French Morocco.,102,8.5,501800
tt0095765,Nuovo Cinema Paradiso,1988-11-17,A filmmaker recalls his childhood when falling in love with the pictures at the cinema of his home village and forms a deep friendship with the cinema's projectionist.,155,8.5,217154
tt0047396,Rear Window,1954-11-15,A wheelchair-bound photographer spies on his neighbors from his apartment window and becomes convinced one of them has committed murder.,112,8.4,424278
tt7286456,Joker,2019-10-01,"In Gotham City, mentally troubled comedian Arthur Fleck is disregarded and mistreated by society. He then embarks on a downward spiral of revolution and bloody crime. This path brings him face-to-face with his alter-ego: the Joker.",122,8.5,781809
tt0078748,Alien,1979-05-28,"After a space merchant vessel receives an unknown transmission as a distress call, one of the crew is attacked by a mysterious life form and they soon realize that its life cycle has merely begun.",117,8.4,755516
tt0078788,Apocalypse Now,1979-08-15,A U.S. Army officer serving in Vietnam is tasked with assassinating a renegade Special Forces Colonel who sees himself as a god.,147,8.4,580585
tt0209144,Memento,2000-10-11,A man with short-term memory loss attempts to track down his wife's murderer.,113,8.4,1081600
tt0082971,Raiders of the Lost Ark,1981-06-12,"In 1936, archaeologist and adventurer Indiana Jones is hired by the U.S. government to find the Ark of the Covenant before Adolf Hitler's Nazis can obtain its awesome powers.",115,8.4,852723
tt0032553,The Great Dictator,1941-01-01,Dictator Adenoid Hynkel tries to expand his empire while a poor Jewish barber tries to avoid persecution from Hynkel's regime.,125,8.4,193286
tt0405094,Das Leben der Anderen,2006-03-23,"In 1984 East Berlin, an agent of the secret police, conducting surveillance on a writer and his lover, finds himself becoming increasingly absorbed by their lives.",137,8.4,343485
tt1853728,Django Unchained,2012-12-25,"With the help of a German bounty hunter, a freed slave sets out to rescue his wife from a brutal Mississippi plantation owner.",165,8.4,1293761
tt0050825,Paths of Glory,1957-12-20,"After refusing to attack an enemy position, a general accuses the soldiers of cowardice and their commanding officer must defend them.",88,8.4,168478
tt0081505,The Shining,1980-06-13,"A family heads to an isolated hotel for the winter where a sinister presence influences the father into violence, while his psychic son sees horrific forebodings from both past and future.",146,8.4,851165
tt4154756,Avengers: Infinity War,2018-04-25,The Avengers and their allies must be willing to sacrifice all in an attempt to defeat the powerful Thanos before his blitz of devastation and ruin puts an end to the universe.,149,8.5,771940
tt0910970,WALL·E,2008-06-26,"In the distant future, a small waste-collecting robot inadvertently embarks on a space journey that will ultimately decide the fate of mankind.",98,8.4,960128
tt0043014,Sunset Blvd.,1950-09-29,A screenwriter develops a dangerous relationship with a faded film star determined to make a triumphant return.,110,8.4,191491
tt4633694,Spider-Man: Into the Spider-Verse,2018-12-12,"Teen Miles Morales becomes Spider-Man of his reality, crossing his path with five counterparts from other dimensions to stop a threat for all realities.",117,8.4,315728
tt0119698,Mononoke-hime,1997-07-12,"On a journey to find the cure for a Tatarigami's curse, Ashitaka finds himself in the middle of a war between the forest gods and Tatara, a mining colony. In this quest he also meets San, the Mononoke Hime.",134,8.4,321205
tt0057012,Dr. Strangelove or: How I Learned to Stop Worrying and Love the Bomb,1964-01-29,An insane general triggers a path to nuclear holocaust that a War Room full of politicians and generals frantically tries to stop.,95,8.4,434623
tt0364569,Oldeuboi,2003-11-21,"After being kidnapped and imprisoned for fifteen years, Oh Dae-Su is released, only to find that he must find his captor in five days.",120,8.4,491328
tt0051201,Witness for the Prosecution,1958-02-06,A veteran British barrister must defend his client in a murder trial that has surprise after surprise.,116,8.4,101300
tt0066763,Anand,1971-03-12,"The story of a terminally ill man who wishes to live life to the full before the inevitable occurs, as told by his best friend.",122,8.7,25373
tt4154796,Avengers: Endgame,2019-04-24,"After the devastating events of Avengers: Infinity War (2018), the universe is in ruins. With the help of remaining allies, the Avengers assemble once more in order to reverse Thanos' actions and restore balance to the universe.",181,8.4,713323
tt1345836,The Dark Knight Rises,2012-07-19,"Eight years after the Joker's reign of anarchy, Batman, with the help of the enigmatic Catwoman, is forced from his exile to save Gotham City from the brutal guerrilla terrorist Bane.",164,8.4,1459737
tt0087843,Once Upon a Time in America,1984-05-23,"A former Prohibition-era Jewish gangster returns to the Lower East Side of Manhattan over thirty years later, where he once again must confront the ghosts and regrets of his old life.",229,8.4,296335
tt0090605,Aliens,1986-07-18,"Ellen Ripley is rescued by a deep salvage team after being in hypersleep for 57 years. The moon that the Nostromo visited has been colonized, but contact is lost. This time, colonial marines have impressive firepower, but will that be enough?",137,8.3,630257
tt5311514,Kimi no na wa.,2016-08-26,"Two strangers find themselves linked in a bizarre way. When a connection forms, will distance be the only thing to keep them apart?",106,8.4,167410
tt2380307,Coco,2017-10-27,"Aspiring musician Miguel, confronted with his family's ancestral ban on music, enters the Land of the Dead to find his great-great-grandfather, a legendary singer.",105,8.4,336811
tt0169547,American Beauty,1999-10-01,A sexually frustrated suburban father has a mid-life crisis after becoming infatuated with his daughter's best friend.,122,8.3,1036091
tt0112573,Braveheart,1995-05-24,"When his secret bride is executed for assaulting an English soldier who tried to rape her, William Wallace begins a revolt against King Edward I of England.",178,8.3,930936
tt0082096,Das Boot,1981-09-17,"The claustrophobic world of a WWII German U-boat; boredom, filth and sheer terror.",149,8.3,222379
tt1187043,3 Idiots,2009-12-24,"Two friends are searching for their long lost companion. They revisit their college days and recall the memories of their friend who inspired them to think differently, even as the rest of the world called them ""idiots"".",170,8.4,323935
tt0114709,Toy Story,1995-11-22,A cowboy doll is profoundly threatened and jealous when a new spaceman figure supplants him as top toy in a boy's room.,81,8.3,851014
tt0057565,Tengoku to jigoku,1963-03-01,An executive of a shoe company becomes a victim of extortion when his chauffeur's son is kidnapped and held for ransom.,143,8.5,28656
tt0986264,Taare Zameen Par,2007-12-21,"An eight-year-old boy is thought to be a lazy trouble-maker, until the new art teacher has the patience and compassion to discover the real problem behind his struggles in school.",165,8.4,156539
tt8579674,1917,2020-01-02,"April 6th, 1917. As a regiment assembles to wage war deep in enemy territory, two soldiers are assigned to race against time and deliver a message that will stop 1,600 men from walking straight into a deadly trap.",119,8.3,303693
tt0086190,Star Wars: Episode VI - Return of the Jedi,1983-05-25,"After a daring mission to rescue Han Solo from Jabba the Hutt, the Rebels dispatch to Endor to destroy the second Death Star. Meanwhile, Luke struggles to help Darth Vader back from the dark side without falling into the Emperor's trap.",131,8.3,915327
tt0086879,Amadeus,1984-09-19,"The life, success and troubles of Wolfgang Amadeus Mozart, as told by Antonio Salieri, the contemporaneous composer who was insanely jealous of Mozart's talent and claimed to have murdered him.",160,8.3,355529
tt0105236,Reservoir Dogs,1992-09-02,"When a simple jewelry heist goes horribly wrong, the surviving criminals begin to suspect that one of them is a police informant.",99,8.3,882339
tt0361748,Inglourious Basterds,2009-08-19,"In Nazi-occupied France during World War II, a plan to assassinate Nazi leaders by a group of Jewish U.S. soldiers coincides with a theatre owner's vengeful plans for the same.",153,8.3,1206663
tt0119217,Good Will Hunting,1998-01-09,"Will Hunting, a janitor at M.I.T., has a gift for mathematics, but needs help from a psychologist to find direction in his life.",126,8.3,821711
tt0062622,2001: A Space Odyssey,1968-04-11,"After discovering a mysterious artifact buried beneath the Lunar surface, mankind sets off on a quest to find its origins with help from intelligent supercomputer H.A.L. 9000.",149,8.3,576948
tt0052357,Vertigo,1958-05-22,A former police detective juggles wrestling with his personal demons and becoming obsessed with a hauntingly beautiful woman.,128,8.3,343579
tt0180093,Requiem for a Dream,2000-11-03,The drug-induced utopias of four Coney Island people are shattered when their addictions run deep.,102,8.3,737421
tt0022100,M - Eine Stadt sucht einen Mörder,1931-08-31,"When the police in a German city are unable to catch a child-murderer, other criminals join in the manhunt.",118,8.3,136359
tt5074352,Dangal,2016-12-21,Former wrestler Mahavir Singh Phogat and his two wrestler daughters struggle towards glory at the Commonwealth Games in the face of societal oppression.,161,8.4,141547
tt0338013,Eternal Sunshine of the Spotless Mind,2004-03-19,"When their relationship turns sour, a couple undergoes a medical procedure to have each other erased from their memories.",108,8.3,874252
tt0033467,Citizen Kane,1941-06-06,"Following the death of publishing tycoon Charles Foster Kane, reporters scramble to uncover the meaning of his final utterance; 'Rosebud'.",119,8.3,382527
tt2106476,Jagten,2012-10-25,"A teacher lives a lonely life, all the while struggling over his son's custody. His life slowly gets better as he finds love and receives good news from his son, but his new luck is about to be brutally shattered by an innocent little lie.",115,8.3,262891
tt8267604,Capharnaüm,2018-09-20,"While serving a five-year sentence for a violent crime, a 12-year-old boy sues his parents for neglect.",126,8.4,46198
tt0093058,Full Metal Jacket,1987-07-10,A pragmatic U.S. Marine observes the dehumanizing effects the Vietnam War has on his fellow recruits from their brutal boot camp training to the bloody street fighting in Hue.,116,8.3,646978
tt0053125,North by Northwest,1959-09-26,A New York City advertising executive goes on the run after being mistaken for a government agent by a group of foreign spies.,136,8.3,286589
tt0066921,A Clockwork Orange,1972-01-13,"In the future, a sadistic gang leader is imprisoned and volunteers for a conduct-aversion experiment, but it doesn't go as planned.",136,8.3,728957
tt0040522,Ladri di biciclette,1948-11-24,"In post-war Italy, a working-class man's bicycle is stolen. He and his son set out to find it.",89,8.3,137797
tt0012349,The Kid,1921-02-06,"The Tramp cares for an abandoned child, but events put that relationship in jeopardy.",68,8.3,106117
tt0208092,Snatch,2000-09-01,"Unscrupulous boxing promoters, violent bookmakers, a Russian gangster, incompetent amateur robbers and supposedly Jewish jewelers fight to track down a priceless stolen diamond.",104,8.3,756084
tt0045152,Singin' in the Rain,1952-04-11,A silent film production company and cast make a difficult transition to sound.,103,8.3,209141
tt0086250,Scarface,1983-12-09,"In 1980 Miami, a determined Cuban immigrant takes over a drug cartel and succumbs to greed.",170,8.3,707834
tt0075314,Taxi Driver,1976-02-08,"A mentally unstable veteran works as a nighttime taxi driver in New York City, where the perceived decadence and sleaze fuels his urge for violent action by attempting to liberate a presidential campaign worker and an underage prostitute.",114,8.3,689013
tt0211915,Le fabuleux destin d'Amélie Poulain,2001-04-25,"Amélie is an innocent and naive girl in Paris with her own sense of justice. She decides to help those around her and, along the way, discovers love.",122,8.3,682119
tt0056172,Lawrence of Arabia,1962-12-11,"The story of T.E. Lawrence, the English officer who successfully united and led the diverse, often warring, Arab tribes during World War I in order to fight the Turks.",228,8.3,256649
tt0070735,The Sting,1973-12-25,Two grifters team up to pull off the ultimate con.,129,8.3,232441
tt0435761,Toy Story 3,2010-06-16,"The toys are mistakenly delivered to a day-care center instead of the attic right before Andy leaves for college, and it's up to Woody to convince the other toys that they weren't abandoned and to return home.",103,8.3,729309
tt0017136,Metropolis,1927-02-06,"In a futuristic city sharply divided between the working class and the city planners, the son of the city's mastermind falls in love with a working class prophet who predicts the coming of a savior to mediate their differences.",153,8.3,153289
tt0044741,Ikiru,1952-10-09,A bureaucrat tries to find a meaning in his life after he discovers he has terminal cancer.,143,8.3,63363
tt0059578,Per qualche dollaro in più,1965-12-20,Two bounty hunters with the same intentions team up to track down a Western outlaw.,132,8.3,221071
tt1832382,Jodaeiye Nader az Simin,2011-03-16,A married couple are faced with a difficult decision - to improve the life of their child by moving to another country or to stay in Iran and look after a deteriorating parent who has Alzheimer's disease.,123,8.3,210307
tt0036775,Double Indemnity,1944-07-06,An insurance representative lets himself be talked by a seductive housewife into a murder/insurance fraud scheme that arouses the suspicion of an insurance investigator.,107,8.3,136627
tt0053604,The Apartment,1960-09-16,"A man tries to rise in his company by letting its executives use his apartment for trysts, but complications and a romance of his own ensue.",125,8.3,155178
tt1255953,Incendies,2011-01-12,Twins journey to the Middle East to discover their family history and fulfill their mother's last wishes.,131,8.3,137391
tt0056592,To Kill a Mockingbird,1962-12-20,"Atticus Finch, a lawyer in the Depression-era South, defends a black man against an undeserved rape charge, and his children against prejudice.",129,8.2,284955
tt0097576,Indiana Jones and the Last Crusade,1989-05-24,"In 1938, after his father Professor Henry Jones, Sr. goes missing while pursuing the Holy Grail, Professor Henry ""Indiana"" Jones, Jr. finds himself up against Adolf Hitler's Nazis again to stop them from obtaining its powers.",127,8.2,667039
tt1049413,Up,2009-05-28,"78-year-old Carl Fredricksen travels to Paradise Falls in his house equipped with balloons, inadvertently taking a young stowaway.",96,8.2,897578
tt0119488,L.A. Confidential,1997-09-19,"As corruption grows in 1950s Los Angeles, three policemen - one strait-laced, one brutal, and one sleazy - investigate a series of murders with their own brand of justice.",138,8.2,514645
tt0113277,Heat,1995-12-15,A group of professional bank robbers start to feel the heat from police when they unknowingly leave a clue at their latest heist.,170,8.2,552682
tt0071853,Monty Python and the Holy Grail,1975-05-25,"King Arthur (Graham Chapman) and his Knights of the Round Table embark on a surreal, low-budget search for the Holy Grail, encountering many, very silly obstacles.",91,8.2,484836
tt0095016,Die Hard,1988-07-20,An NYPD officer tries to save his wife and several others taken hostage by German terrorists during a Christmas party at the Nakatomi Plaza in Los Angeles.,132,8.2,758087
tt0042876,Rashômon,1950-08-26,"The rape of a bride and the murder of her samurai husband are recalled from the perspectives of a bandit, the bride, the samurai's ghost and a woodcutter.",88,8.2,144713
tt0055630,Yôjinbô,1961-04-25,A crafty ronin comes to a town divided by two criminal gangs and decides to play them against each other to free the town.,110,8.2,104826
tt0372784,Batman Begins,2005-06-15,"After training with his mentor, Batman begins his fight to free crime-ridden Gotham City from corruption.",140,8.2,1259426
tt0091251,Idi i smotri,1985-10-17,"After finding an old rifle, a young boy joins the Soviet resistance movement against ruthless German forces and experiences the horrors of World War II.",142,8.3,50369
tt6966692,Green Book,2018-11-16,A working-class Italian-American bouncer becomes the driver of an African-American classical pianist on a tour of venues through the 1960s American South.,130,8.2,319895
tt0118849,Bacheha-Ye aseman,1999-01-22,"After a boy loses his sister's pair of shoes, he goes on a series of adventures in order to find them. When he can't, he tries a new way to ""win"" a new pair.",89,8.3,60143
tt0363163,Der Untergang,2004-09-16,"Traudl Junge, the final secretary for Adolf Hitler, tells of the Nazi dictator's final days in his Berlin bunker at the end of WWII.",156,8.2,320153
tt0105695,Unforgiven,1992-08-07,"Retired Old West gunslinger William Munny (Clint Eastwood) reluctantly takes on one last job, with the help of his old partner Ned Logan (Morgan Freeman) and a young man, The ""Schofield Kid"" (Jaimz Woolvett).",130,8.2,360495
tt0053291,Some Like It Hot,1959-03-19,"After two male musicians witness a mob hit, they flee the state in an all-female band disguised as women, but further complications set in.",121,8.2,233874
tt0089881,Ran,1985-06-01,"In Medieval Japan, an elderly warlord retires, handing over his empire to his three sons. However, he vastly underestimates how the new-found power will corrupt them and cause them to turn on each other...and him.",162,8.2,106001
tt0347149,Hauru no ugoku shiro,2004-11-20,"When an unconfident young woman is cursed with an old body by a spiteful witch, her only chance of breaking the spell lies with a self-indulgent yet insecure young wizard and his companions in his legged, walking castle.",119,8.2,307891
tt0057115,The Great Escape,1963-07-04,Allied prisoners of war plan for several hundred of their number to escape from a German camp during World War II.,172,8.2,215853
tt0042192,All About Eve,1950-10-27,A seemingly timid but secretly ruthless ingénue insinuates herself into the lives of an aging Broadway star and her circle of theater friends.,138,8.2,115484
tt0268978,A Beautiful Mind,2002-01-04,"After John Nash, a brilliant but asocial mathematician, accepts secret work in cryptography, his life takes a turn for the nightmarish.",135,8.2,815184
tt0112641,Casino,1995-11-22,"A tale of greed, deception, money, power, and murder occur between two best friends: a mafia enforcer and a casino executive, compete against each other over a gambling empire, and over a fast living and fast loving socialite.",178,8.2,442717
tt0457430,El laberinto del fauno,2006-10-11,"In the Falangist Spain of 1944, the bookish young stepdaughter of a sadistic army officer escapes into an eerie but captivating fantasy world.",118,8.2,598849
tt1305806,El secreto de sus ojos,2009-08-13,A retired legal counselor writes a novel hoping to find closure for one of his past unresolved homicide cases and for his unreciprocated love with his superior - both of which still haunt him decades later.,129,8.2,183973
tt0096283,Tonari no Totoro,1988-04-16,"When two girls move to the country to be near their ailing mother, they have adventures with the wondrous forest spirits who live nearby.",86,8.2,268324
tt0993846,The Wolf of Wall Street,2013-12-25,"Based on the true story of Jordan Belfort, from his rise to a wealthy stock-broker living the high life to his fall involving crime, corruption and the federal government.",180,8.2,1114199
tt0081398,Raging Bull,1980-12-19,"The life of boxer Jake LaMotta, whose violence and temper that led him to the top in the ring destroyed his life outside of it.",129,8.2,308180
tt0120735,"Lock, Stock and Two Smoking Barrels",1998-08-28,"A botched card game in London triggers four friends, thugs, weed-growers, hard gangsters, loan sharks and debt collectors to collide with each other in a series of unexpected events, all for the sake of weed, cash and two antique shotguns.",107,8.2,517133
tt0040897,The Treasure of the Sierra Madre,1948-01-24,Two Americans searching for work in Mexico convince an old prospector to help them mine for gold in the Sierra Madre Mountains.,126,8.2,109303
tt0055031,Judgment at Nuremberg,1961-12-18,"In 1948, an American court in occupied Germany tries four Nazis judged for war crimes.",179,8.2,65922
tt0469494,There Will Be Blood,2008-01-25,"A story of family, religion, hatred, oil and madness, focusing on a turn-of-the-century prospector in the early days of the business.",158,8.2,493043
tt0476735,Babam ve Oglum,2005-11-18,The family of a left-wing journalist is torn apart after the military coup of Turkey in 1980.,112,8.3,74381
tt5027774,"Three Billboards Outside Ebbing, Missouri",2017-12-01,A mother personally challenges the local authorities to solve her daughter's murder when they fail to catch the culprit.,115,8.2,397297
tt0015864,The Gold Rush,1925-07-13,A prospector goes to the Klondike in search of gold and finds it and more.,95,8.2,95156
tt0071315,Chinatown,1974-06-20,"A private detective hired to expose an adulterer finds himself caught up in a web of deceit, corruption, and murder.",130,8.2,281373
tt0046912,Dial M for Murder,1954-05-29,A tennis player tries to arrange his wife's murder after learning of her affair.,105,8.2,149790
tt0434409,V for Vendetta,2006-03-15,"In a future British tyranny, a shadowy freedom fighter, known only by the alias of ""V"", plots to overthrow it with the help of a young woman.",132,8.2,994818
tt0050976,Det sjunde inseglet,1957-02-16,"A man seeks answers about life, death, and the existence of God as he plays chess against the Grim Reaper during the Black Plague.",96,8.2,155189
tt0477348,No Country for Old Men,2007-11-21,Violence and mayhem ensue after a hunter stumbles upon a drug deal gone wrong and more than two million dollars in cash near the Rio Grande.,122,8.1,814339
tt2096673,Inside Out,2015-06-17,"After young Riley is uprooted from her Midwest life and moved to San Francisco, her emotions - Joy, Fear, Anger, Disgust and Sadness - conflict on how best to navigate a new city, house, and school.",95,8.1,580485
tt1291584,Warrior,2011-09-09,"The youngest son of an alcoholic former boxer returns home, where he's trained by his father for competition in a mixed martial arts tournament - a path that puts the fighter on a collision course with his estranged, older brother.",140,8.2,421658
tt1130884,Shutter Island,2010-02-18,"In 1954, a U.S. Marshal investigates the disappearance of a murderer who escaped from a hospital for the criminally insane.",138,8.1,1075222
tt0117951,Trainspotting,1996-02-23,"Renton, deeply immersed in the Edinburgh drug scene, tries to clean up and get out, despite the allure of the drugs and influence of friends.",93,8.1,615992
tt0080678,The Elephant Man,1980-10-10,"A Victorian surgeon rescues a heavily disfigured man who is mistreated while scraping a living as a side-show freak. Behind his monstrous façade, there is revealed a person of kindness, intelligence and sophistication.",124,8.1,210679
tt0167404,The Sixth Sense,1999-08-06,A boy who communicates with spirits seeks the help of a disheartened child psychologist.,107,8.1,882699
tt0084787,The Thing,1982-06-25,A research team in Antarctica is hunted by a shape-shifting alien that assumes the appearance of its victims.,109,8.1,353188
tt0031381,Gone with the Wind,1940-01-17,A manipulative woman and a roguish man conduct a turbulent romance during the American Civil War and Reconstruction periods.,238,8.1,277755
tt3170832,Room,2015-12-10,"Held captive for 7 years in an enclosed space, a woman and her young son finally gain their freedom, allowing the boy to experience the outside world for the first time.",118,8.1,347330
tt0107290,Jurassic Park,1993-06-11,A pragmatic paleontologist visiting an almost complete theme park is tasked with protecting a couple of kids after a power failure causes the park's cloned dinosaurs to run loose.,127,8.1,828594
tt0050986,Smultronstället,1957-12-26,"After living a life marked by coldness, an aging professor is forced to confront the emptiness of his existence.",91,8.2,90481
tt0083658,Blade Runner,1982-06-25,"A blade runner must pursue and terminate four replicants who stole a ship in space, and have returned to Earth to find their creator.",117,8.1,666981
tt0050212,The Bridge on the River Kwai,1957-10-11,"British POWs are forced to build a railway bridge across the river Kwai for their Japanese captors, not knowing that the allied forces are planning to destroy it.",161,8.1,195531
tt0266543,Finding Nemo,2003-05-30,"After his son is captured in the Great Barrier Reef and taken to Sydney, a timid clownfish sets out on a journey to bring him home.",100,8.1,915474
tt0079944,Stalker,1980-04-17,A guide leads two men through an area known as the Zone to find a room that grants wishes.,162,8.2,108268
tt0047296,On the Waterfront,1954-06-22,An ex-prize fighter turned longshoreman struggles to stand up to his corrupt union bosses.,108,8.1,135839
tt0041959,The Third Man,1949-10-12,"Pulp novelist Holly Martins travels to shadowy, postwar Vienna, only to find himself investigating the mysterious death of an old friend, Harry Lime.",104,8.1,152691
tt0116282,Fargo,1996-04-05,Jerry Lundegaard's inept crime falls apart due to his and his henchmen's bungling and the persistent police work of the quite pregnant Marge Gunderson.,98,8.1,591615
tt0266697,Kill Bill: Vol. 1,2003-10-10,"After awakening from a four-year coma, a former assassin wreaks vengeance on the team of assassins who betrayed her.",111,8.1,962306
tt0120382,The Truman Show,1998-06-05,An insurance salesman discovers his whole life is actually a reality TV show.,103,8.1,891382
tt1205489,Gran Torino,2009-01-09,"Disgruntled Korean War veteran Walt Kowalski sets out to reform his neighbor, Thao Lor, a Hmong teenager who tried to steal Kowalski's prized possession: a 1972 Gran Torino.",116,8.1,698527
tt0046438,Tôkyô monogatari,1953-11-03,"An old couple visit their children and grandchildren in the city, but receive little attention.",136,8.2,48502
tt0077416,The Deer Hunter,1979-02-22,An in-depth examination of the ways in which the U.S. Vietnam War impacts and disrupts the lives of people in a small industrial town in Pennsylvania.,183,8.1,299517
tt0353969,Salinui chueok,2003-05-02,"In a small Korean province in 1986, two detectives struggle with the case of multiple young women being found raped and murdered by an unknown culprit.",131,8.1,121722
tt3011894,Relatos salvajes,2014-08-21,Six short stories that explore the extremities of human behavior involving people in distress.,122,8.1,165471
tt4729430,Klaus,2019-11-08,"A simple act of kindness always sparks another, even in a frozen, faraway place. When Smeerensburg's new postman, Jesper, befriends toymaker Klaus, their gifts melt an age-old feud and deliver a sleigh full of holiday traditions.",96,8.2,67944
tt0116231,Eskiya,1996-11-29,"Baran the Bandit, released from prison after 35 years, searches for vengeance and his lover.",121,8.3,60340
tt8108198,Andhadhun,2018-10-04,"A series of mysterious events change the life of a blind pianist, who must now report a crime that he should technically know nothing of.",139,8.3,60466
tt0978762,Mary and Max,2009-04-09,"A tale of friendship between two unlikely pen pals: Mary, a lonely, eight-year-old girl living in the suburbs of Melbourne, and Max, a forty-four-year old, severely obese man living in New York.",92,8.1,158567
tt0118715,The Big Lebowski,1998-03-06,"Jeff ""The Dude"" Lebowski, mistaken for a millionaire of the same name, seeks restitution for his ruined rug and enlists his bowling buddies to help get it.",117,8.1,699805
tt0107207,In the Name of the Father,1993-12-27,A man's coerced confession to an I.R.A. bombing he did not commit results in the imprisonment of his father as well. An English lawyer fights to free them.,133,8.1,149614
tt2267998,Gone Girl,2014-10-01,"With his wife's disappearance having become the focus of an intense media circus, a man sees the spotlight turned on him when it's suspected that he may not be innocent.",149,8.1,816397
tt2119532,Hacksaw Ridge,2016-11-03,"World War II American Army Medic Desmond T. Doss, who served during the Battle of Okinawa, refuses to kill people, and becomes the first man in American history to receive the Medal of Honor without firing a shot.",139,8.1,406660
tt2278388,The Grand Budapest Hotel,2014-02-26,"A writer encounters the owner of an aging high-class hotel, who tells him of his early years serving as a lobby boy in the hotel's glorious years under an exceptional concierge.",99,8.1,674922
tt0035446,To Be or Not to Be,1942-03-06,"During the Nazi occupation of Poland, an acting troupe becomes embroiled in a Polish soldier's efforts to track down a German spy.",99,8.2,25230
tt1950186,Ford v Ferrari,2019-11-13,American car designer Carroll Shelby and driver Ken Miles battle corporate interference and the laws of physics to build a revolutionary race car for Ford in order to defeat Ferrari at the 24 Hours of Le Mans in 1966.,152,8.1,211974
tt0060827,Persona,1966-10-18,A nurse is put in charge of a mute actress and finds that their personae are melding together.,85,8.1,95545
tt0112471,Before Sunrise,1995-01-27,"A young man and woman meet on a train in Europe, and wind up spending one evening together in Vienna. Unfortunately, both know that this will probably be their only night together.",101,8.1,255684
tt0264464,Catch Me If You Can,2002-12-25,"A seasoned FBI agent pursues Frank Abagnale Jr. who, before his 19th birthday, successfully forged millions of dollars' worth of checks while posing as a Pan Am pilot, a doctor, and a legal prosecutor.",141,8.1,781277
tt0892769,How to Train Your Dragon,2010-03-18,"A hapless young Viking who aspires to hunt dragons becomes the unlikely friend of a young dragon himself, and learns there may be more to the creatures than he assumed.",98,8.1,642484
tt0017925,The General,1927-01-02,"When Union spies steal an engineer's beloved locomotive, he pursues it single-handedly and straight through enemy lines.",67,8.1,76850
tt0031679,Mr. Smith Goes to Washington,1939-10-19,"A naive man is appointed to fill a vacancy in the United States Senate. His plans promptly collide with political corruption, but he doesn't back down.",129,8.1,102798
tt0015324,Sherlock Jr.,1924-05-11,"A film projectionist longs to be a detective, and puts his meagre skills to work when he is framed by a rival for stealing his girlfriend's father's pocketwatch.",45,8.2,37930
tt1392214,Prisoners,2013-09-19,"When Keller Dover's daughter and her friend go missing, he takes matters into his own hands as the police pursue multiple leads and the pressure mounts.",153,8.1,567996
tt2024544,12 Years a Slave,2013-11-08,"In the antebellum United States, Solomon Northup, a free black man from upstate New York, is abducted and sold into slavery.",134,8.1,613549
tt0061512,Cool Hand Luke,1967-11-01,"A laid back Southern man is sentenced to two years in a rural prison, but refuses to conform.",127,8.1,155901
tt1392190,Mad Max: Fury Road,2015-05-13,"In a post-apocalyptic wasteland, a woman rebels against a tyrannical ruler in search for her homeland with the aid of a group of female prisoners, a psychotic worshiper, and a drifter named Max.",120,8.1,837437
tt0072684,Barry Lyndon,1975-12-18,An Irish rogue wins the heart of a rich widow and assumes her dead husband's aristocratic position in 18th-century England.,185,8.1,141927
tt0074958,Network,1976-11-27,A television network cynically exploits a deranged former anchor's ravings and revelations about the news media for its own profit.,121,8.1,139207
tt0046268,Le salaire de la peur,1953-04-22,"In a decrepit South American village, four men are hired to transport an urgent nitroglycerine shipment without the equipment that would make it safe.",156,8.1,51644
tt0092005,Stand by Me,1986-11-04,"After the death of one of his friends, a writer recounts a boyhood journey with his friends to find the body of a missing boy.",89,8.1,349704
tt0758758,Into the Wild,2007-09-28,"After graduating from Emory University, top student and athlete Christopher McCandless abandons his possessions, gives his entire $24,000 savings account to charity and hitchhikes to Alaska to live in the wilderness. Along the way, Christopher encounters a series of characters that shape his life.",148,8.1,550592
tt0405159,Million Dollar Baby,2005-01-14,A determined woman works with a hardened boxing trainer to become a professional.,132,8.1,614063
tt0079470,Life of Brian,1979-08-17,"Born on the original Christmas in the stable next door to Jesus Christ, Brian of Nazareth (Graham Chapman) spends his life being mistaken for a messiah.",94,8.1,353686
tt1028532,Hachi: A Dog's Tale,2009-08-08,A college professor bonds with an abandoned dog he takes into his home.,93,8.1,240596
tt0091763,Platoon,1987-02-06,A young soldier in Vietnam faces a moral crisis when confronted with the horrors of war and the duality of man.,120,8.1,368389
tt0052618,Ben-Hur,1960-01-29,"After a Jewish prince is betrayed and sent into slavery by a Roman friend, he regains his freedom and comes back for revenge.",212,8.1,211736
tt1979320,Rush,2013-09-12,The merciless 1970s rivalry between Formula One rivals James Hunt and Niki Lauda.,123,8.1,415686
tt0019254,La passion de Jeanne d'Arc,1928-04-21,"In 1431, Jeanne d'Arc is placed on trial on charges of heresy. The ecclesiastical jurists attempt to force Jeanne to recant her claims of holy visions.",110,8.1,44408
tt3315342,Logan,2017-02-28,"In a future where mutants are nearly extinct, an elderly and weary Logan leads a quiet life. But when Laura, a mutant child pursued by scientists, comes to him for help, he must get her to safety.",137,8.1,613953
tt0097165,Dead Poets Society,1989-06-09,English teacher John Keating inspires his students to look at poetry with a different perspective of authentic knowledge and feelings. -Camilo Alarcón,128,8.1,401749
tt1201607,Harry Potter and the Deathly Hallows: Part 2,2011-07-12,"Harry, Ron, and Hermione search for Voldemort's remaining Horcruxes in their effort to destroy the Dark Lord as the final battle rages on at Hogwarts.",130,8.1,730986
tt0060107,Andrey Rublev,1971-12-24,"The life, times and afflictions of the fifteenth-century Russian iconographer St. Andrei Rublev.",205,8.2,43290
tt0053198,Les quatre cents coups,1959-06-03,"A young boy, left without attention, delves into a life of petty crime.",99,8.1,99328
tt0395169,Hotel Rwanda,2005-01-20,Paul Rusesabagina was a hotel manager who housed over a thousand Tutsi refugees during their struggle against the Hutu militia in Rwanda.,121,8.1,325464
tt0245712,Amores perros,2000-06-16,"A horrific car accident connects three stories, each involving characters dealing with loss, regret, and life's harsh realities, all in the name of love.",154,8.1,216080
tt0405508,Rang De Basanti,2006-01-26,"The story of six young Indians who assist an English woman to film a documentary on the freedom fighters from their past, and the events that lead them to relive the long-forgotten saga of freedom.",167,8.2,106470
tt1895587,Spotlight,2015-11-20,"The true story of how the Boston Globe uncovered the massive scandal of child molestation and cover-up within the local Catholic Archdiocese, shaking the entire Catholic Church to its core.",129,8.1,396811
tt4016934,Ah-ga-ssi,2016-06-01,"A woman is hired as a handmaiden to a Japanese heiress, but secretly she is involved in a plot to defraud her.",145,8.1,98397
tt0087544,Kaze no tani no Naushika,1984-03-11,Warrior and pacifist Princess Nausicaä desperately struggles to prevent two warring nations from destroying themselves and their dying planet.,117,8.1,140180
tt8613070,Portrait de la jeune fille en feu,2019-09-18,"On an isolated island in Brittany at the end of the eighteenth century, a female painter is obliged to paint a wedding portrait of a young woman.",122,8.2,36264
tt0075148,Rocky,1976-12-03,A small-time boxer gets a supremely rare chance to fight a heavy-weight champion in a bout in which he strives to go the distance for his self-respect.,120,8.1,498712
tt0032976,Rebecca,1940-04-12,A self-conscious woman juggles adjusting to her new role as an aristocrat's wife and avoiding being intimidated by his first wife's spectral presence.,130,8.1,117029
tt0198781,"Monsters, Inc.",2001-11-02,"In order to power the city, monsters have to scare children so that they scream. However, the children are toxic to the monsters, and after a child gets through, 2 monsters realize things may not be what they think.",92,8.0,783951
tt0113247,La haine,1995-05-31,24 hours in the lives of three young men in the French suburbs the day after a violent riot.,98,8.1,140369
tt0025316,It Happened One Night,1934-02-22,A spoiled heiress running away from her family is helped by a man who is actually a reporter in need of a story.,105,8.1,89559
tt1954470,Gangs of Wasseypur,2012-06-22,"A clash between Sultan and Shahid Khan leads to the expulsion of Khan from Wasseypur, and ignites a deadly blood feud spanning three generations.",321,8.2,75226
tt0118694,Faa yeung nin wa,2000-09-29,"Two neighbors, a woman and a man, form a strong bond after both suspect extramarital activities of their spouses. However, they agree to keep their bond platonic so as not to commit similar wrongs.",98,8.1,115725
tt0381681,Before Sunset,2004-06-17,"Nine years after Jesse and Celine first met, they encounter each other again on the French leg of Jesse's book tour.",80,8.0,223169
tt0093779,The Princess Bride,1987-10-09,"While home sick in bed, a young boy's grandfather reads him the story of a farmboy-turned-pirate who encounters numerous obstacles, enemies and allies in his quest to be reunited with his true love.",98,8.1,378043
tt1454029,The Help,2011-08-10,"An aspiring author during the civil rights movement of the 1960s decides to write a book detailing the African American maids' point of view on the white families for which they work, and the hardships they go through on a daily basis.",146,8.1,410933
tt0087884,"Paris, Texas",1984-08-23,"Travis Henderson, an aimless drifter who has been missing for four years, wanders out of the desert and must reconnect with society, himself, his life, and his family.",145,8.1,83030
tt4857264,Contratiempo,2017-01-06,A successful entrepreneur accused of murder and a witness preparation expert have less than three hours to come up with an impregnable defence.,106,8.1,116557
tt4430212,Drishyam,2015-07-30,"Desperate measures are taken by a man who tries to save his family from the dark side of the law, after they commit an unexpected crime.",163,8.2,62680
tt0088247,The Terminator,1984-10-26,"In 1984, a human soldier is tasked to stop an indestructible cyborg killing machine, both sent from 2029, from executing a young woman, whose unborn son is the key to humanity's future salvation.",107,8.0,773322
tt0043338,Ace in the Hole,1951-07-04,"A frustrated former big-city journalist now stuck working for an Albuquerque newspaper exploits a story about a man trapped in a cave to rekindle his career, but the situation quickly escalates into an out-of-control circus.",111,8.1,29320
tt2758880,Kis Uykusu,2014-06-12,A hotel owner and landlord in a remote Turkish village deals with conflicts within his family and a tenant behind on his rent.,196,8.2,42209
tt0169102,Lagaan: Once Upon a Time in India,2001-06-15,The people of a small village in Victorian India stake their future on a game of cricket against their ruthless British rulers.,224,8.1,100132
tt0064115,Butch Cassidy and the Sundance Kid,1969-09-24,"Wyoming, early 1900s. Butch Cassidy and The Sundance Kid are the leaders of a band of outlaws. After a train robbery goes wrong they find themselves on the run with a posse hard on their heels. Their solution - escape to Bolivia.",110,8.0,196778
tt0103639,Aladdin,1992-11-25,A kindhearted street urchin and a power-hungry Grand Vizier vie for a magic lamp that has the power to make their deepest wishes come true.,90,8.0,356195
tt0094625,Akira,1988-07-16,A secret military project endangers Neo-Tokyo when it turns a biker gang member into a rampaging psychic psychopath who can only be stopped by two teenagers and a group of psychics.,124,8.0,155558
tt0050613,Kumonosu-jô,1957-01-15,"A war-hardened general, egged on by his ambitious wife, works to fulfill a prophecy that he would become lord of Spider's Web Castle.",110,8.1,43173
tt0083922,Fanny och Alexander,1982-12-17,"Two young Swedish children experience the many comedies and tragedies of their family, the Ekdahls.",188,8.1,54864
